,Year,Disaster Group,Disaster Subgroup,Disaster Type,Disaster Subtype,Country,Region,Continent,Latitude,Longitude,CPI,total_affected
0,1905,Natural,Geophysical,Earthquake,Ground movement,India,Southern Asia,Asia,32.04,76.16,3.5223001018494,20000.0
1,1907,Natural,Geophysical,Earthquake,Ground movement,China,Eastern Asia,Asia,38.5,69.9,3.6527556611772,12000.0
2,1914,Natural,Geophysical,Earthquake,Ground movement,Indonesia,South-Eastern Asia,Asia,-3.924,101.82,3.9267123357654,40.0
3,1917,Natural,Geophysical,Earthquake,Ground movement,China,Eastern Asia,Asia,28.0,104.0,5.0225390341186,1800.0
4,1917,Natural,Geophysical,Earthquake,Ground movement,Indonesia,South-Eastern Asia,Asia,-7.0,116.0,5.0225390341186,15000.0
5,1918,Natural,Geophysical,Earthquake,Ground movement,China,Eastern Asia,Asia,23.5,117.0,5.8965912816145,10000.0
6,1920,Natural,Geophysical,Earthquake,Ground movement,China,Eastern Asia,Asia,36.888000000000005,105.60600000000001,7.8534246715309,180000.0
7,1923,Natural,Geophysical,Earthquake,Ground movement,China,Eastern Asia,Asia,31.295,100.75,6.6793246375811,5000.0
8,1924,Natural,Geophysical,Earthquake,Ground movement,Indonesia,South-Eastern Asia,Asia,-7.21,109.56,6.7184613053794,11977.0
9,1925,Natural,Geophysical,Earthquake,Ground movement,China,Eastern Asia,Asia,25.713,100.42200000000001,6.8750079765728,5000.0
10,1927,Natural,Geophysical,Earthquake,Ground movement,Indonesia,South-Eastern Asia,Asia,-0.8420000000000001,120.764,6.8097801969089,100.0
11,1927,Natural,Geophysical,Earthquake,Ground movement,China,Eastern Asia,Asia,37.645,102.48899999999999,6.8097801969089,174806.0
12,1932,Natural,Geophysical,Earthquake,Ground movement,Indonesia,South-Eastern Asia,Asia,0.5,126.0,5.348677932438,3081.0
13,1933,Natural,Geophysical,Earthquake,Ground movement,China,Eastern Asia,Asia,31.9,103.4,5.0747212578497,10000.0
14,1936,Natural,Geophysical,Earthquake,Ground movement,Indonesia,South-Eastern Asia,Asia,6.1,94.7,5.4399968239674,29.0
15,1936,Natural,Geophysical,Earthquake,Ground movement,Indonesia,South-Eastern Asia,Asia,3.5,97.5,5.4399968239674,17.0
16,1938,Natural,Geophysical,Earthquake,Ground movement,Indonesia,South-Eastern Asia,Asia,-0.557,118.881,5.518270159564,5630.0
18,1943,Natural,Geophysical,Earthquake,Ground movement,Indonesia,South-Eastern Asia,Asia,-8.591000000000001,109.803,6.7836890850433,16309.0
19,1950,Natural,Geophysical,Earthquake,Ground movement,India,Southern Asia,Asia,28.5,96.5,9.4319369393968,1500.0
20,1954,Natural,Geophysical,Earthquake,Ground movement,Afghanistan,Southern Asia,Asia,36.0,66.0,10.5277636377498,2000.0
21,1955,Natural,Geophysical,Earthquake,Ground movement,China,Eastern Asia,Asia,30.0,101.8,10.473000409773,152.0
22,1956,Natural,Geophysical,Earthquake,Ground movement,Afghanistan,Southern Asia,Asia,35.1,67.5,10.6327191682906,2100.0
23,1956,Natural,Geophysical,Earthquake,Ground movement,India,Southern Asia,Asia,23.0,70.0,10.6327191682906,332.0
24,1958,Natural,Geophysical,Earthquake,Ground movement,Indonesia,South-Eastern Asia,Asia,-9.5,112.5,11.2878924132663,3369.0
25,1965,Natural,Geophysical,Earthquake,Ground movement,Indonesia,South-Eastern Asia,Asia,-2.608,-125.95200000000001,12.3244326683639,15071.0
26,1967,Natural,Geophysical,Earthquake,Ground movement,Indonesia,South-Eastern Asia,Asia,-3.7,119.3,13.048062107494,171.0
27,1967,Natural,Geophysical,Earthquake,Ground movement,Indonesia,South-Eastern Asia,Asia,-8.965,113.01700000000001,13.048062107494,8465.0
29,1967,Natural,Geophysical,Earthquake,Ground movement,India,Southern Asia,Asia,17.412,73.885,13.048062107494,52449.0
31,1969,Natural,Geophysical,Earthquake,Ground movement,China,Eastern Asia,Asia,22.316999999999997,111.8,14.3486278167258,56810.0
32,1970,Natural,Geophysical,Earthquake,Ground movement,China,Eastern Asia,Asia,24.185,102.54299999999999,15.1863354613098,10000.0
33,1970,Natural,Geophysical,Earthquake,Ground movement,India,Southern Asia,Asia,21.7,73.0,15.1863354613098,226.0
34,1974,Natural,Geophysical,Earthquake,Ground movement,China,Eastern Asia,Asia,28.4,104.1,19.2868744704009,20000.0
35,1975,Natural,Geophysical,Earthquake,Ground movement,China,Eastern Asia,Asia,40.641,122.58,21.0503075151625,2000.0
36,1975,Natural,Geophysical,Earthquake,Ground movement,India,Southern Asia,Asia,32.455,78.43,21.0503075151625,47.0
38,1976,Natural,Geophysical,Earthquake,Ground movement,Afghanistan,Southern Asia,Asia,36.61,67.79,22.259601389149,90050.0
39,1976,Natural,Geophysical,Earthquake,Ground movement,China,Eastern Asia,Asia,39.57,117.978,22.259601389149,406000.0
40,1976,Natural,Geophysical,Earthquake,Ground movement,China,Eastern Asia,Asia,30.37,104.06,22.259601389149,0.0
41,1976,Natural,Geophysical,Earthquake,Ground movement,Indonesia,South-Eastern Asia,Asia,-4.603,140.091,22.259601389149,15420.0
42,1976,Natural,Geophysical,Earthquake,Ground movement,Indonesia,South-Eastern Asia,Asia,-8.17,114.88799999999999,22.259601389149,455328.0
43,1976,Natural,Geophysical,Earthquake,Ground movement,Indonesia,South-Eastern Asia,Asia,-4.5169999999999995,139.918,22.259601389149,7133.0
44,1977,Natural,Geophysical,Earthquake,Ground movement,Indonesia,South-Eastern Asia,Asia,-11.164000000000001,118.37799999999999,23.7068509965271,4160.0
46,1930,Natural,Geophysical,Earthquake,Ground movement,Myanmar,South-Eastern Asia,Asia,17.86,96.43,6.5488690782533,500.0
47,1930,Natural,Geophysical,Earthquake,Ground movement,Myanmar,South-Eastern Asia,Asia,18.233,96.29799999999999,6.5488690782533,36.0
48,1935,Natural,Geophysical,Earthquake,Ground movement,Pakistan,Southern Asia,Asia,29.5,66.8,5.3747690443035,85000.0
49,1941,Natural,Geophysical,Earthquake,Ground movement,Myanmar,South-Eastern Asia,Asia,22.408,99.814,5.7661357222868,15.0
50,1945,Natural,Geophysical,Earthquake,Ground movement,Pakistan,Southern Asia,Asia,24.927,63.601000000000006,7.0576457596316,4000.0
51,1966,Natural,Geophysical,Earthquake,Ground movement,Nepal,Southern Asia,Asia,29.706,80.935,12.6960281686485,20180.0
52,1972,Natural,Geophysical,Earthquake,Ground movement,Pakistan,Southern Asia,Asia,36.0,73.4,16.3565247541826,5100.0
53,1974,Natural,Geophysical,Earthquake,Ground movement,Pakistan,Southern Asia,Asia,35.1,72.9,19.2868744704009,54900.0
54,1979,Natural,Geophysical,Earthquake,Ground movement,China,Eastern Asia,Asia,31.451999999999998,119.241,28.3875988971359,572574.0
55,1979,Natural,Geophysical,Earthquake,Ground movement,China,Eastern Asia,Asia,41.145,108.12899999999999,28.3875988971359,2104.0
57,1981,Natural,Geophysical,Earthquake,Ground movement,China,Eastern Asia,Asia,30.927,101.098,35.5651715205916,26000.0
58,1982,Natural,Geophysical,Earthquake,Ground movement,Afghanistan,Southern Asia,Asia,36.148,69.01100000000001,37.7458220769372,38500.0
59,1982,Natural,Geophysical,Earthquake,Ground movement,China,Eastern Asia,Asia,31.906999999999996,99.931,37.7458220769372,15.0
61,1983,Natural,Geophysical,Earthquake,Ground movement,Afghanistan,Southern Asia,Asia,34.01,71.4,38.9583793014576,34515.0
62,1983,Natural,Geophysical,Earthquake,Ground movement,China,Eastern Asia,Asia,35.205999999999996,115.213,38.9583793014576,18734.0
63,1984,Natural,Geophysical,Earthquake,Ground movement,Afghanistan,Southern Asia,Asia,34.26,70.28,40.6338038615079,36.0
64,1985,Natural,Geophysical,Earthquake,Ground movement,China,Eastern Asia,Asia,25.926,102.87100000000001,42.0745267678182,322.0
65,1985,Natural,Geophysical,Earthquake,Ground movement,China,Eastern Asia,Asia,39.431,75.22399999999999,42.0745267678182,16167.0
66,1986,Natural,Geophysical,Earthquake,Ground movement,China,Eastern Asia,Asia,31.24,86.847,42.8731298312885,290.0
68,1987,Natural,Geophysical,Earthquake,Ground movement,China,Eastern Asia,Asia,41.528999999999996,79.318,44.44423842484,2085.0
69,1987,Natural,Geophysical,Earthquake,Ground movement,China,Eastern Asia,Asia,24.924,115.60799999999999,44.44423842484,185084.0
73,1988,Natural,Geophysical,Earthquake,Ground movement,Bangladesh,Southern Asia,Asia,24.688000000000002,991.57,46.256556831435,102.0
74,1988,Natural,Geophysical,Earthquake,Ground movement,China,Eastern Asia,Asia,38.111,106.336,46.256556831435,50060.0
75,1988,Natural,Geophysical,Earthquake,Ground movement,China,Eastern Asia,Asia,22.789,99.611,46.256556831435,1271303.0
76,1979,Natural,Geophysical,Earthquake,Ground movement,Indonesia,South-Eastern Asia,Asia,-1.679,136.04,28.3875988971359,5007.0
77,1979,Natural,Geophysical,Earthquake,Ground movement,Indonesia,South-Eastern Asia,Asia,8.21,115.95,28.3875988971359,36082.0
78,1979,Natural,Geophysical,Earthquake,Ground movement,Indonesia,South-Eastern Asia,Asia,-7.656000000000001,108.25200000000001,28.3875988971359,43226.0
79,1979,Natural,Geophysical,Earthquake,Ground movement,Indonesia,South-Eastern Asia,Asia,-3.299,102.712,28.3875988971359,1505.0
80,1979,Natural,Geophysical,Earthquake,Ground movement,Indonesia,South-Eastern Asia,Asia,-8.39,115.889,28.3875988971359,651.0
84,1980,Natural,Geophysical,Earthquake,Ground movement,India,Southern Asia,Asia,32.913000000000004,75.633,32.2338932328122,53.0
85,1980,Natural,Geophysical,Earthquake,Ground movement,Nepal,Southern Asia,Asia,29.598000000000003,81.092,32.2338932328122,240700.0
86,1981,Natural,Geophysical,Earthquake,Ground movement,Indonesia,South-Eastern Asia,Asia,-4.5760000000000005,139.232,35.5651715205916,2988.0
87,1981,Natural,Geophysical,Earthquake,Ground movement,Pakistan,Southern Asia,Asia,35.693000000000005,73.594,35.5651715205916,2250.0
88,1981,Natural,Geophysical,Earthquake,Ground movement,Pakistan,Southern Asia,Asia,29.855999999999998,66.962,35.5651715205916,243.0
89,1982,Natural,Geophysical,Earthquake,Ground movement,Indonesia,South-Eastern Asia,Asia,-8.405,123.08,37.7458220769372,8830.0
90,1982,Natural,Geophysical,Earthquake,Ground movement,Indonesia,South-Eastern Asia,Asia,4.374,97.755,37.7458220769372,15000.0
92,1983,Natural,Geophysical,Earthquake,Ground movement,Indonesia,South-Eastern Asia,Asia,5.723,94.72200000000001,38.9583793014576,100.0
94,1983,Natural,Geophysical,Earthquake,Ground movement,Pakistan,Southern Asia,Asia,36.372,70.738,38.9583793014576,567.0
95,1984,Natural,Geophysical,Earthquake,Ground movement,Indonesia,South-Eastern Asia,Asia,2.41,118.55,40.6338038615079,91.0
96,1984,Natural,Geophysical,Earthquake,Ground movement,Indonesia,South-Eastern Asia,Asia,1.3,98.0,40.6338038615079,1858.0
97,1984,Natural,Geophysical,Earthquake,Ground movement,India,Southern Asia,Asia,24.4,92.34,40.6338038615079,10920.0
99,1984,Natural,Geophysical,Earthquake,Ground movement,Pakistan,Southern Asia,Asia,34.07,71.15,40.6338038615079,16.0
100,1985,Natural,Geophysical,Earthquake,Ground movement,Indonesia,South-Eastern Asia,Asia,-4.13,136.049,42.0745267678182,17.0
102,1985,Natural,Geophysical,Earthquake,Ground movement,Pakistan,Southern Asia,Asia,36.19,70.896,42.0745267678182,12043.0
103,1986,Natural,Geophysical,Earthquake,Ground movement,India,Southern Asia,Asia,32.128,76.374,42.8731298312885,36.0
106,1986,Natural,Geophysical,Earthquake,Ground movement,Pakistan,Southern Asia,Asia,27.727,66.65,42.8731298312885,750.0
108,1987,Natural,Geophysical,Earthquake,Ground movement,Indonesia,South-Eastern Asia,Asia,-8.247,124.155,44.44423842484,17225.0
109,1987,Natural,Geophysical,Earthquake,Ground movement,Indonesia,South-Eastern Asia,Asia,2.244,98.866,44.44423842484,15003.0
111,1988,Natural,Geophysical,Earthquake,Ground movement,India,Southern Asia,Asia,26.755,616.0,46.256556831435,20004148.0
114,1988,Natural,Geophysical,Earthquake,Ground movement,Nepal,Southern Asia,Asia,26.755,86.616,46.256556831435,301725.0
116,1989,Natural,Geophysical,Earthquake,Ground movement,Bangladesh,Southern Asia,Asia,21.861,89.76299999999999,48.48936537103,101.0
117,1989,Natural,Geophysical,Earthquake,Ground movement,China,Eastern Asia,Asia,29.987,99.195,48.48936537103,40115.0
118,1989,Natural,Geophysical,Earthquake,Ground movement,China,Eastern Asia,Asia,39.893,113.884,48.48936537103,105169.0
119,1989,Natural,Geophysical,Earthquake,Ground movement,China,Eastern Asia,Asia,23.553,99.52600000000001,48.48936537103,26592.0
120,1989,Natural,Geophysical,Earthquake,Ground movement,China,Eastern Asia,Asia,29.881999999999998,106.804,48.48936537103,52804.0
121,1989,Natural,Geophysical,Earthquake,Ground movement,China,Eastern Asia,Asia,31.583000000000002,102.43299999999999,48.48936537103,21404.0
124,1990,Natural,Geophysical,Earthquake,Ground movement,China,Eastern Asia,Asia,37.001,103.863,51.1067950003987,30017.0
125,1990,Natural,Geophysical,Earthquake,Ground movement,China,Eastern Asia,Asia,35.986,100.245,51.1067950003987,34445.0
128,1991,Natural,Geophysical,Earthquake,Ground movement,Afghanistan,Southern Asia,Asia,37.457,68.273,53.2711566167213,24.0
129,1991,Natural,Geophysical,Earthquake,Ground movement,Afghanistan,Southern Asia,Asia,38.993,70.423,53.2711566167213,7130.0
131,1991,Natural,Geophysical,Earthquake,Ground movement,China,Eastern Asia,Asia,40.3,78.9,53.2711566167213,42808.0
132,1991,Natural,Geophysical,Earthquake,Ground movement,China,Eastern Asia,Asia,39.8,173.9,53.2711566167213,240543.0
134,1992,Natural,Geophysical,Earthquake,Ground movement,Afghanistan,Southern Asia,Asia,33.377,71.317,54.8846424128027,14.0
135,1992,Natural,Geophysical,Earthquake,Ground movement,China,Eastern Asia,Asia,29.41,91.1,54.8846424128027,16000.0
136,1993,Natural,Geophysical,Earthquake,Ground movement,China,Eastern Asia,Asia,23.027,101.062,56.5046456390697,142146.0
139,1989,Natural,Geophysical,Earthquake,Ground movement,Indonesia,South-Eastern Asia,Asia,-4.511,139.02200000000002,48.48936537103,17316.0
140,1989,Natural,Geophysical,Earthquake,Ground movement,Indonesia,South-Eastern Asia,Asia,1.031,126.189,48.48936537103,5500.0
141,1989,Natural,Geophysical,Earthquake,Ground movement,Indonesia,South-Eastern Asia,Asia,-8.081,125.12899999999999,48.48936537103,197.0
142,1990,Natural,Geophysical,Earthquake,Ground movement,Indonesia,South-Eastern Asia,Asia,3.908,97.457,51.1067950003987,2173.0
143,1990,Natural,Geophysical,Earthquake,Ground movement,Indonesia,South-Eastern Asia,Asia,1.186,122.85700000000001,51.1067950003987,7041.0
144,1990,Natural,Geophysical,Earthquake,Ground movement,Indonesia,South-Eastern Asia,Asia,9.904,101.12,51.1067950003987,103.0
147,1990,Natural,Geophysical,Earthquake,Ground movement,Pakistan,Southern Asia,Asia,35.121,70.486,51.1067950003987,261.0
148,1990,Natural,Geophysical,Earthquake,Ground movement,Pakistan,Southern Asia,Asia,28.925,66.331,51.1067950003987,51.0
149,1990,Natural,Geophysical,Earthquake,Ground movement,Pakistan,Southern Asia,Asia,27.429,65.79,51.1067950003987,6.0
151,1991,Natural,Geophysical,Earthquake,Ground movement,India,Southern Asia,Asia,30.78,78.774,53.2711566167213,55883.0
152,1991,Natural,Geophysical,Earthquake,Ground movement,Indonesia,South-Eastern Asia,Asia,1.196,122.787,53.2711566167213,1000.0
153,1991,Natural,Geophysical,Earthquake,Ground movement,Indonesia,South-Eastern Asia,Asia,8.099,125.681,53.2711566167213,16219.0
155,1991,Natural,Geophysical,Earthquake,Ground movement,Myanmar,South-Eastern Asia,Asia,23.5,96.3,53.2711566167213,160.0
156,1991,Natural,Geophysical,Earthquake,Ground movement,Pakistan,Southern Asia,Asia,38.993,70.423,53.2711566167213,205094.0
157,1992,Natural,Geophysical,Earthquake,Ground movement,Indonesia,South-Eastern Asia,Asia,8.482,121.93,54.8846424128027,94603.0
158,1992,Natural,Geophysical,Earthquake,Ground movement,Indonesia,South-Eastern Asia,Asia,7.138,109.067,54.8846424128027,7501.0
163,1992,Natural,Geophysical,Earthquake,Ground movement,Pakistan,Southern Asia,Asia,29.3,66.7,54.8846424128027,4.0
164,1992,Natural,Geophysical,Earthquake,Ground movement,Pakistan,Southern Asia,Asia,33.377,71.317,54.8846424128027,2136.0
166,1993,Natural,Geophysical,Earthquake,Ground movement,India,Southern Asia,Asia,16.4,74.2,56.5046456390697,39748.0
167,1993,Natural,Geophysical,Earthquake,Ground movement,India,Southern Asia,Asia,18.12,76.533,56.5046456390697,525.0
169,1993,Natural,Geophysical,Earthquake,Ground movement,Nepal,Southern Asia,Asia,28.723,82.28,56.5046456390697,285.0
170,1994,Natural,Geophysical,Earthquake,Ground movement,Indonesia,South-Eastern Asia,Asia,4.967,104.302,57.9779742380726,49606.0
171,1994,Natural,Geophysical,Earthquake,Ground movement,Indonesia,South-Eastern Asia,Asia,1.015,127.733,57.9779742380726,200047.0
176,1994,Natural,Geophysical,Earthquake,Ground movement,Afghanistan,Southern Asia,Asia,37.0,67.0,57.9779742380726,100490.0
177,1994,Natural,Geophysical,Earthquake,Ground movement,China,Eastern Asia,Asia,22.52,118.7,57.9779742380726,501.0
178,1994,Natural,Geophysical,Earthquake,Ground movement,China,Eastern Asia,Asia,20.485,109.406,57.9779742380726,5860.0
179,1994,Natural,Geophysical,Earthquake,Ground movement,China,Eastern Asia,Asia,36.028,100.104,57.9779742380726,285.0
182,1995,Natural,Geophysical,Earthquake,Ground movement,China,Eastern Asia,Asia,21.966,99.196,59.6044948945252,1000147.0
183,1995,Natural,Geophysical,Earthquake,Ground movement,China,Eastern Asia,Asia,25.9,102.2,59.6044948945252,20343.0
184,1995,Natural,Geophysical,Earthquake,Ground movement,China,Eastern Asia,Asia,36.443,103.105,59.6044948945252,5074.0
187,1996,Natural,Geophysical,Earthquake,Ground movement,Afghanistan,Southern Asia,Asia,36.0,65.0,61.3516297283817,3250.0
188,1996,Natural,Geophysical,Earthquake,Ground movement,China,Eastern Asia,Asia,25.04,102.41,61.3516297283817,5078104.0
189,1996,Natural,Geophysical,Earthquake,Ground movement,China,Eastern Asia,Asia,40.774,109.661,61.3516297283817,200318.0
190,1996,Natural,Geophysical,Earthquake,Ground movement,China,Eastern Asia,Asia,39.28,76.44,61.3516297283817,33154.0
191,1996,Natural,Geophysical,Earthquake,Ground movement,China,Eastern Asia,Asia,26.51,100.16,61.3516297283817,137.0
195,1997,Natural,Geophysical,Earthquake,Ground movement,Afghanistan,Southern Asia,Asia,33.825,59.809,62.7858352045064,5.0
196,1997,Natural,Geophysical,Earthquake,Ground movement,Bangladesh,Southern Asia,Asia,22.212,92.702,62.7858352045064,223.0
197,1997,Natural,Geophysical,Earthquake,Ground movement,China,Eastern Asia,Asia,39.474,76.998,62.7858352045064,155052.0
198,1997,Natural,Geophysical,Earthquake,Ground movement,China,Eastern Asia,Asia,39.3,76.5,62.7858352045064,500098.0
199,1997,Natural,Geophysical,Earthquake,Ground movement,China,Eastern Asia,Asia,39.422,76.839,62.7858352045064,20008.0
200,1997,Natural,Geophysical,Earthquake,Ground movement,China,Eastern Asia,Asia,39.527,76.941,62.7858352045064,100098.0
203,1998,Natural,Geophysical,Earthquake,Ground movement,China,Eastern Asia,Asia,41.083,114.5,63.7604552373995,598049.0
204,1998,Natural,Geophysical,Earthquake,Ground movement,Afghanistan,Southern Asia,Asia,37.106,70.11,63.7604552373995,121635.0
205,1998,Natural,Geophysical,Earthquake,Ground movement,Afghanistan,Southern Asia,Asia,37.075,70.089,63.7604552373995,35141.0
207,1994,Natural,Geophysical,Earthquake,Ground movement,Indonesia,South-Eastern Asia,Asia,10.2,13.2,57.9779742380726,8959.0
208,1994,Natural,Geophysical,Earthquake,Ground movement,Indonesia,South-Eastern Asia,Asia,1.14,128.5,57.9779742380726,2438.0
209,1994,Natural,Geophysical,Earthquake,Ground movement,Indonesia,South-Eastern Asia,Asia,2.001,135.931,57.9779742380726,67.0
210,1995,Natural,Geophysical,Earthquake,Ground movement,Indonesia,South-Eastern Asia,Asia,40.1,21.6,59.6044948945252,191.0
211,1995,Natural,Geophysical,Earthquake,Ground movement,Indonesia,South-Eastern Asia,Asia,2.1,101.3,59.6044948945252,90302.0
212,1995,Natural,Geophysical,Earthquake,Ground movement,Indonesia,South-Eastern Asia,Asia,1.02,120.5,59.6044948945252,1538.0
213,1995,Natural,Geophysical,Earthquake,Ground movement,Myanmar,South-Eastern Asia,Asia,21.966,99.196,59.6044948945252,0.0
214,1996,Natural,Geophysical,Earthquake,Ground movement,Indonesia,South-Eastern Asia,Asia,0.7290000000000001,119.931,61.3516297283817,13009.0
215,1996,Natural,Geophysical,Earthquake,Ground movement,Indonesia,South-Eastern Asia,Asia,1.1,137.15,61.3516297283817,25804.0
219,1997,Natural,Geophysical,Earthquake,Ground movement,Pakistan,Southern Asia,Asia,29.976,68.208,62.7858352045064,10150.0
220,1997,Natural,Geophysical,Earthquake,Ground movement,Indonesia,South-Eastern Asia,Asia,4.0,119.4,62.7858352045064,3125.0
221,1997,Natural,Geophysical,Earthquake,Ground movement,India,Southern Asia,Asia,23.083,80.041,62.7858352045064,156543.0
226,1995,Natural,Geophysical,Earthquake,Ground movement,Thailand,South-Eastern Asia,Asia,21.966,99.196,59.6044948945252,0.0
228,1998,Natural,Geophysical,Earthquake,Ground movement,China,Eastern Asia,Asia,27.308000000000003,101.029,63.7604552373995,337446.0
229,1998,Natural,Geophysical,Earthquake,Ground movement,Afghanistan,Southern Asia,Asia,36.479,71.086,63.7604552373995,0.0
230,1998,Natural,Geophysical,Earthquake,Ground movement,China,Eastern Asia,Asia,26.373,104.021,63.7604552373995,107084.0
231,1998,Natural,Geophysical,Earthquake,Ground movement,China,Eastern Asia,Asia,39.977,76.731,63.7604552373995,2000.0
232,1998,Natural,Geophysical,Earthquake,Ground movement,China,Eastern Asia,Asia,37.388000000000005,78.843,63.7604552373995,25028.0
233,1998,Natural,Geophysical,Earthquake,Ground movement,China,Eastern Asia,Asia,39.66,77.343,63.7604552373995,111865.0
234,1998,Natural,Geophysical,Earthquake,Ground movement,China,Eastern Asia,Asia,27.213,101.057,63.7604552373995,3528.0
235,1999,Natural,Geophysical,Earthquake,Ground movement,Afghanistan,Southern Asia,Asia,34.259,69.36399999999999,65.1555468615283,92030.0
236,1999,Natural,Geophysical,Earthquake,Ground movement,Bangladesh,Southern Asia,Asia,21.544,91.895,65.1555468615283,15206.0
237,1999,Natural,Geophysical,Earthquake,Ground movement,China,Eastern Asia,Asia,41.131,114.65799999999999,65.1555468615283,16003.0
238,1999,Natural,Geophysical,Earthquake,Ground movement,China,Eastern Asia,Asia,39.899,113.98299999999999,65.1555468615283,3020004.0
239,1999,Natural,Geophysical,Earthquake,Ground movement,China,Eastern Asia,Asia,40.459,122.889,65.1555468615283,800.0
241,2000,Natural,Geophysical,Earthquake,Ground movement,Bangladesh,Southern Asia,Asia,21.430999999999997,91.762,67.355758979313,1000.0
243,2000,Natural,Geophysical,Earthquake,Ground movement,China,Eastern Asia,Asia,25.607,101.06299999999999,67.355758979313,1855014.0
244,2000,Natural,Geophysical,Earthquake,Ground movement,China,Eastern Asia,Asia,24.263,103.79700000000001,67.355758979313,10303.0
245,2000,Natural,Geophysical,Earthquake,Ground movement,China,Eastern Asia,Asia,40.498000000000005,122.994,67.355758979313,62030.0
246,2000,Natural,Geophysical,Earthquake,Ground movement,China,Eastern Asia,Asia,37.012,103.791,67.355758979313,100.0
247,2000,Natural,Geophysical,Earthquake,Ground movement,China,Eastern Asia,Asia,25.826,102.194,67.355758979313,177612.0
248,2001,Natural,Geophysical,Earthquake,Ground movement,China,Eastern Asia,Asia,29.513,101.12899999999999,69.259339950271,300112.0
249,1998,Natural,Geophysical,Earthquake,Ground movement,Indonesia,South-Eastern Asia,Asia,-2.0709999999999997,124.891,63.7604552373995,6481.0
251,1998,Natural,Geophysical,Earthquake,Ground movement,Indonesia,South-Eastern Asia,Asia,-8.193999999999999,112.413,63.7604552373995,501.0
255,1999,Natural,Geophysical,Earthquake,Ground movement,Indonesia,South-Eastern Asia,Asia,-6.845,105.555,65.1555468615283,16925.0
257,1999,Natural,Geophysical,Earthquake,Ground movement,India,Southern Asia,Asia,30.511999999999997,79.403,65.1555468615283,477994.0
259,2000,Natural,Geophysical,Earthquake,Ground movement,Indonesia,South-Eastern Asia,Asia,-4.646,102.102,67.355758979313,204817.0
260,2000,Natural,Geophysical,Earthquake,Ground movement,Indonesia,South-Eastern Asia,Asia,-1.105,123.573,67.355758979313,52815.0
265,2000,Natural,Geophysical,Earthquake,Ground movement,Indonesia,South-Eastern Asia,Asia,-6.675,106.845,67.355758979313,4124.0
266,2000,Natural,Geophysical,Earthquake,Ground movement,Indonesia,South-Eastern Asia,Asia,-6.5489999999999995,105.63,67.355758979313,5500.0
267,2000,Natural,Geophysical,Earthquake,Ground movement,Indonesia,South-Eastern Asia,Asia,-4.612,101.905,67.355758979313,3001.0
269,2001,Natural,Geophysical,Earthquake,Ground movement,India,Southern Asia,Asia,23.419,70.232,69.259339950271,6341817.0
270,1998,Natural,Geophysical,Earthquake,Ground movement,Pakistan,Southern Asia,Asia,36.479,71.086,63.7604552373995,612.0
272,2001,Natural,Geophysical,Earthquake,Ground movement,Pakistan,Southern Asia,Asia,23.419,70.232,69.259339950271,914304.0
273,2001,Natural,Geophysical,Earthquake,Ground movement,Afghanistan,Southern Asia,Asia,36.424,70.881,69.259339950271,0.0
274,2001,Natural,Geophysical,Earthquake,Ground movement,Afghanistan,Southern Asia,Asia,35.169000000000004,69.389,69.259339950271,274.0
275,2002,Natural,Geophysical,Earthquake,Ground movement,Afghanistan,Southern Asia,Asia,36.429,70.438,70.3578189693375,3663.0
276,2002,Natural,Geophysical,Earthquake,Ground movement,Afghanistan,Southern Asia,Asia,36.062,69.315,70.3578189693375,92228.0
277,2002,Natural,Geophysical,Earthquake,Ground movement,Afghanistan,Southern Asia,Asia,35.959,69.417,70.3578189693375,6200.0
278,2001,Natural,Geophysical,Earthquake,Ground movement,China,Eastern Asia,Asia,24.768,99.061,69.259339950271,150192.0
279,2001,Natural,Geophysical,Earthquake,Ground movement,China,Eastern Asia,Asia,27.689,101.00299999999999,69.259339950271,10607.0
280,2001,Natural,Geophysical,Earthquake,Ground movement,China,Eastern Asia,Asia,24.455,102.66,69.259339950271,25000.0
281,2001,Natural,Geophysical,Earthquake,Ground movement,China,Eastern Asia,Asia,26.316,100.648,69.259339950271,17221.0
291,2001,Natural,Geophysical,Earthquake,Ground movement,Indonesia,South-Eastern Asia,Asia,-6.99,108.275,69.259339950271,12512.0
292,2001,Natural,Geophysical,Earthquake,Ground movement,Indonesia,South-Eastern Asia,Asia,-4.68,102.56200000000001,69.259339950271,0.0
295,2002,Natural,Geophysical,Earthquake,Ground movement,India,Southern Asia,Asia,13.036,93.068,70.3578189693375,202.0
296,2002,Natural,Geophysical,Earthquake,Ground movement,China,Eastern Asia,Asia,30.916,99.927,70.3578189693375,378.0
297,2002,Natural,Geophysical,Earthquake,Ground movement,China,Eastern Asia,Asia,39.736,97.443,70.3578189693375,65502.0
301,2002,Natural,Geophysical,Earthquake,Ground movement,Indonesia,South-Eastern Asia,Asia,-1.196,121.333,70.3578189693375,2548.0
302,2002,Natural,Geophysical,Earthquake,Ground movement,Indonesia,South-Eastern Asia,Asia,-1.68,134.234,70.3578189693375,155.0
303,2002,Natural,Geophysical,Earthquake,Ground movement,Indonesia,South-Eastern Asia,Asia,2.824,96.085,70.3578189693375,63.0
305,2003,Natural,Geophysical,Earthquake,Ground movement,China,Eastern Asia,Asia,39.61,77.23,71.9550065545137,517268.0
306,2003,Natural,Geophysical,Earthquake,Ground movement,Indonesia,South-Eastern Asia,Asia,-8.807,118.524,71.9550065545137,2502.0
307,2002,Natural,Geophysical,Earthquake,Ground movement,Pakistan,Southern Asia,Asia,35.516999999999996,74.654,70.3578189693375,15082.0
308,2002,Natural,Geophysical,Earthquake,Ground movement,Pakistan,Southern Asia,Asia,35.414,74.515,70.3578189693375,140801.0
309,2002,Natural,Geophysical,Earthquake,Ground movement,Pakistan,Southern Asia,Asia,36.429,70.438,70.3578189693375,3.0
310,2003,Natural,Geophysical,Earthquake,Ground movement,Afghanistan,Southern Asia,Asia,35.893,70.62,71.9550065545137,1002.0
311,2004,Natural,Geophysical,Earthquake,Ground movement,Afghanistan,Southern Asia,Asia,33.426,69.524,73.8814124374447,1042.0
314,2003,Natural,Geophysical,Earthquake,Ground movement,Bangladesh,Southern Asia,Asia,22.854,92.306,71.9550065545137,2527.0
315,2003,Natural,Geophysical,Earthquake,Ground movement,China,Eastern Asia,Asia,25.975,101.29,71.9550065545137,1295600.0
316,2003,Natural,Geophysical,Earthquake,Ground movement,China,Eastern Asia,Asia,37.529,96.476,71.9550065545137,3300.0
317,2003,Natural,Geophysical,Earthquake,Ground movement,China,Eastern Asia,Asia,39.43,77.219,71.9550065545137,8004.0
318,2003,Natural,Geophysical,Earthquake,Ground movement,China,Eastern Asia,Asia,43.77,119.64299999999999,71.9550065545137,455504.0
319,2003,Natural,Geophysical,Earthquake,Ground movement,China,Eastern Asia,Asia,25.954,101.25399999999999,71.9550065545137,60059.0
320,2003,Natural,Geophysical,Earthquake,Ground movement,China,Eastern Asia,Asia,38.383,100.975,71.9550065545137,275052.0
321,2003,Natural,Geophysical,Earthquake,Ground movement,China,Eastern Asia,Asia,34.711999999999996,103.834,71.9550065545137,23370.0
322,2003,Natural,Geophysical,Earthquake,Ground movement,China,Eastern Asia,Asia,27.372,103.971,71.9550065545137,493069.0
323,2003,Natural,Geophysical,Earthquake,Ground movement,China,Eastern Asia,Asia,42.905,80.515,71.9550065545137,6029.0
324,2003,Natural,Geophysical,Earthquake,Ground movement,China,Eastern Asia,Asia,27.283,103.75299999999999,71.9550065545137,10004.0
326,2003,Natural,Geophysical,Earthquake,Ground movement,Indonesia,South-Eastern Asia,Asia,2.354,128.855,71.9550065545137,248.0
327,2003,Natural,Geophysical,Earthquake,Ground movement,Indonesia,South-Eastern Asia,Asia,1.1420000000000001,128.15200000000002,71.9550065545137,500.0
331,2004,Natural,Geophysical,Earthquake,Ground movement,Indonesia,South-Eastern Asia,Asia,-3.615,135.53799999999998,73.8814124374447,14109.0
332,2004,Natural,Geophysical,Earthquake,Ground movement,Indonesia,South-Eastern Asia,Asia,-3.609,135.404,73.8814124374447,12865.0
333,2004,Natural,Geophysical,Earthquake,Ground movement,Indonesia,South-Eastern Asia,Asia,-8.152000000000001,124.868,73.8814124374447,83414.0
335,2004,Natural,Geophysical,Earthquake,Ground movement,China,Eastern Asia,Asia,45.382,118.256,73.8814124374447,190100.0
336,2004,Natural,Geophysical,Earthquake,Ground movement,China,Eastern Asia,Asia,27.266,103.87299999999999,73.8814124374447,120604.0
337,2004,Natural,Geophysical,Earthquake,Ground movement,China,Eastern Asia,Asia,25.073,99.169,73.8814124374447,100012.0
338,2004,Natural,Geophysical,Earthquake,Ground movement,China,Eastern Asia,Asia,34.681999999999995,103.781,73.8814124374447,22019.0
339,2004,Natural,Geophysical,Earthquake,Ground movement,China,Eastern Asia,Asia,37.506,96.758,73.8814124374447,4199.0
342,2004,Natural,Geophysical,Earthquake,Ground movement,Indonesia,South-Eastern Asia,Asia,-8.31,115.788,73.8814124374447,30041.0
343,2004,Natural,Geophysical,Earthquake,Ground movement,Indonesia,South-Eastern Asia,Asia,-0.466,100.655,73.8814124374447,512.0
345,2005,Natural,Geophysical,Earthquake,Ground movement,Indonesia,South-Eastern Asia,Asia,2.085,97.10799999999999,76.3880272118934,106228.0
348,2005,Natural,Geophysical,Earthquake,Ground movement,Indonesia,South-Eastern Asia,Asia,-1.198,119.93299999999999,76.3880272118934,685.0
349,2004,Natural,Geophysical,Earthquake,Ground movement,Pakistan,Southern Asia,Asia,34.774,73.21600000000001,73.8814124374447,13172.0
350,2005,Natural,Geophysical,Earthquake,Ground movement,Afghanistan,Southern Asia,Asia,34.539,73.58800000000001,76.3880272118934,1.0
351,2005,Natural,Geophysical,Earthquake,Ground movement,Afghanistan,Southern Asia,Asia,36.357,71.093,76.3880272118934,506.0
352,2006,Natural,Geophysical,Earthquake,Ground movement,Afghanistan,Southern Asia,Asia,37.255,68.828,78.8522555129301,936.0
353,2005,Natural,Geophysical,Earthquake,Ground movement,India,Southern Asia,Asia,34.539,73.58800000000001,76.3880272118934,157931.0
354,2005,Natural,Geophysical,Earthquake,Ground movement,China,Eastern Asia,Asia,29.671,115.68799999999999,76.3880272118934,615516.0
355,2005,Natural,Geophysical,Earthquake,Ground movement,China,Eastern Asia,Asia,26.569000000000003,103.036,76.3880272118934,18509.0
360,2006,Natural,Geophysical,Earthquake,Ground movement,China,Eastern Asia,Asia,28.011999999999997,104.15100000000001,78.8522555129301,45552.0
361,2006,Natural,Geophysical,Earthquake,Ground movement,Indonesia,South-Eastern Asia,Asia,0.626,99.859,78.8522555129301,1208.0
363,2006,Natural,Geophysical,Earthquake,Ground movement,China,Eastern Asia,Asia,23.281999999999996,101.693,78.8522555129301,68761.0
364,2006,Natural,Geophysical,Earthquake,Ground movement,China,Eastern Asia,Asia,27.995,104.13799999999999,78.8522555129301,265128.0
365,2006,Natural,Geophysical,Earthquake,Ground movement,China,Eastern Asia,Asia,33.068000000000005,104.95,78.8522555129301,130.0
366,2006,Natural,Geophysical,Earthquake,Ground movement,China,Eastern Asia,Asia,31.56,113.21,78.8522555129301,20000.0
367,2006,Natural,Geophysical,Earthquake,Ground movement,China,Eastern Asia,Asia,43.468999999999994,119.55799999999999,78.8522555129301,12000.0
369,2006,Natural,Geophysical,Earthquake,Ground movement,Indonesia,South-Eastern Asia,Asia,-7.961,110.446,78.8522555129301,3183701.0
370,2006,Natural,Geophysical,Earthquake,Ground movement,Indonesia,South-Eastern Asia,Asia,-8.261000000000001,118.75299999999999,78.8522555129301,115.0
374,2007,Natural,Geophysical,Earthquake,Ground movement,Indonesia,South-Eastern Asia,Asia,-0.488,100.53,81.1016589316606,137727.0
376,2005,Natural,Geophysical,Earthquake,Ground movement,Pakistan,Southern Asia,Asia,34.539,73.58800000000001,76.3880272118934,5201647.0
378,2007,Natural,Geophysical,Earthquake,Ground movement,Indonesia,South-Eastern Asia,Asia,-4.438,101.367,81.1016589316606,459592.0
380,2007,Natural,Geophysical,Earthquake,Ground movement,China,Eastern Asia,Asia,23.028000000000002,101.052,81.1016589316606,332.0
384,2007,Natural,Geophysical,Earthquake,Ground movement,Indonesia,South-Eastern Asia,Asia,-7.7829999999999995,114.338,81.1016589316606,469.0
385,2007,Natural,Geophysical,Earthquake,Ground movement,Indonesia,South-Eastern Asia,Asia,-8.292,118.37,81.1016589316606,21803.0
387,2008,Natural,Geophysical,Earthquake,Ground movement,China,Eastern Asia,Asia,31.002,103.322,84.21522909277,46064072.0
388,2008,Natural,Geophysical,Earthquake,Ground movement,China,Eastern Asia,Asia,32.756,105.494,84.21522909277,13533.0
389,2008,Natural,Geophysical,Earthquake,Ground movement,China,Eastern Asia,Asia,25.039,97.697,84.21522909277,166.0
390,2008,Natural,Geophysical,Earthquake,Ground movement,China,Eastern Asia,Asia,26.241,101.889,84.21522909277,1000629.0
391,2008,Natural,Geophysical,Earthquake,Ground movement,China,Eastern Asia,Asia,29.807,90.35,84.21522909277,784.0
392,2008,Natural,Geophysical,Earthquake,Ground movement,China,Eastern Asia,Asia,23.97,97.569,84.21522909277,27169.0
393,2008,Natural,Geophysical,Earthquake,Ground movement,China,Eastern Asia,Asia,32.56,105.42299999999999,84.21522909277,351008.0
396,2008,Natural,Geophysical,Earthquake,Ground movement,Indonesia,South-Eastern Asia,Asia,2.7680000000000002,95.964,84.21522909277,28.0
397,2008,Natural,Geophysical,Earthquake,Ground movement,Indonesia,South-Eastern Asia,Asia,-3.935,103.05799999999999,84.21522909277,627.0
398,2008,Natural,Geophysical,Earthquake,Ground movement,Indonesia,South-Eastern Asia,Asia,1.271,122.09100000000001,84.21522909277,10083.0
400,2009,Natural,Geophysical,Earthquake,Ground movement,Afghanistan,Southern Asia,Asia,34.185,70.07600000000001,83.9158074104016,3331.0
401,2009,Natural,Geophysical,Earthquake,Ground movement,China,Eastern Asia,Asia,43.236000000000004,80.893,83.9158074104016,4549.0
403,2009,Natural,Geophysical,Earthquake,Ground movement,Indonesia,South-Eastern Asia,Asia,-0.414,132.885,83.9158074104016,4255.0
404,2009,Natural,Geophysical,Earthquake,Ground movement,Indonesia,South-Eastern Asia,Asia,3.886,126.387,83.9158074104016,3049.0
411,2008,Natural,Geophysical,Earthquake,Ground movement,Pakistan,Southern Asia,Asia,30.639,67.351,84.21522909277,75486.0
413,2009,Natural,Geophysical,Earthquake,Ground movement,Indonesia,South-Eastern Asia,Asia,-8.207,118.631,83.9158074104016,2502993.0
414,2009,Natural,Geophysical,Earthquake,Ground movement,Indonesia,South-Eastern Asia,Asia,-7.782,107.29700000000001,83.9158074104016,339920.0
415,2009,Natural,Geophysical,Earthquake,Ground movement,Bhutan,Southern Asia,Asia,-15.489,-172.095,83.9158074104016,23.0
416,2009,Natural,Geophysical,Earthquake,Ground movement,China,Eastern Asia,Asia,25.631999999999998,101.095,83.9158074104016,65337.0
419,2009,Natural,Geophysical,Earthquake,Ground movement,Indonesia,South-Eastern Asia,Asia,-0.72,99.867,83.9158074104016,1512.0
422,2010,Natural,Geophysical,Earthquake,Ground movement,Afghanistan,Southern Asia,Asia,35.633,67.658,85.2920606019027,1081.0
423,2010,Natural,Geophysical,Earthquake,Ground movement,China,Eastern Asia,Asia,25.558000000000003,105.804,85.2920606019027,17.0
424,2010,Natural,Geophysical,Earthquake,Ground movement,Indonesia,South-Eastern Asia,Asia,-2.174,136.543,85.2920606019027,4617.0
427,2010,Natural,Geophysical,Earthquake,Ground movement,China,Eastern Asia,Asia,30.268,105.66799999999999,85.2920606019027,10516.0
428,2010,Natural,Geophysical,Earthquake,Ground movement,China,Eastern Asia,Asia,25.523000000000003,101.90299999999999,85.2920606019027,50011.0
429,2010,Natural,Geophysical,Earthquake,Ground movement,China,Eastern Asia,Asia,33.165,96.54799999999999,85.2920606019027,114968.0
430,2010,Natural,Geophysical,Earthquake,Ground movement,China,Eastern Asia,Asia,27.197,103.005,85.2920606019027,5014.0
437,2011,Natural,Geophysical,Earthquake,Ground movement,India,Southern Asia,Asia,27.73,88.155,87.9846029188446,575312.0
438,2011,Natural,Geophysical,Earthquake,Ground movement,Bhutan,Southern Asia,Asia,27.73,88.155,87.9846029188446,20017.0
439,2011,Natural,Geophysical,Earthquake,Ground movement,China,Eastern Asia,Asia,24.693,97.943,87.9846029188446,64501.0
440,2011,Natural,Geophysical,Earthquake,Ground movement,China,Eastern Asia,Asia,24.726999999999997,97.95700000000001,87.9846029188446,5465.0
441,2011,Natural,Geophysical,Earthquake,Ground movement,China,Eastern Asia,Asia,20.686999999999998,99.822,87.9846029188446,9508.0
442,2011,Natural,Geophysical,Earthquake,Ground movement,China,Eastern Asia,Asia,27.73,88.155,87.9846029188446,5143.0
445,2011,Natural,Geophysical,Earthquake,Ground movement,Myanmar,South-Eastern Asia,Asia,20.686999999999998,99.822,87.9846029188446,21351.0
446,2011,Natural,Geophysical,Earthquake,Ground movement,Nepal,Southern Asia,Asia,27.73,88.155,87.9846029188446,167956.0
447,2011,Natural,Geophysical,Earthquake,Ground movement,Pakistan,Southern Asia,Asia,28.776999999999997,63.951,87.9846029188446,1002.0
448,2011,Natural,Geophysical,Earthquake,Ground movement,Thailand,South-Eastern Asia,Asia,20.686999999999998,99.822,87.9846029188446,17.0
449,2011,Natural,Geophysical,Earthquake,Ground movement,China,Eastern Asia,Asia,43.015,88.24700000000001,87.9846029188446,258.0
451,2011,Natural,Geophysical,Earthquake,Ground movement,China,Eastern Asia,Asia,43.648,82.43700000000001,87.9846029188446,143000.0
452,2011,Natural,Geophysical,Earthquake,Ground movement,China,Eastern Asia,Asia,39.955,77.028,87.9846029188446,1616.0
454,2011,Natural,Geophysical,Earthquake,Ground movement,Indonesia,South-Eastern Asia,Asia,2.965,97.89299999999999,87.9846029188446,10.0
456,2012,Natural,Geophysical,Earthquake,Ground movement,Afghanistan,Southern Asia,Asia,36.023,69.351,89.8052929320648,310.0
458,2012,Natural,Geophysical,Earthquake,Ground movement,China,Eastern Asia,Asia,27.767,100.781,89.8052929320648,34238.0
459,2012,Natural,Geophysical,Earthquake,Ground movement,China,Eastern Asia,Asia,43.433,84.7,89.8052929320648,155052.0
460,2012,Natural,Geophysical,Earthquake,Ground movement,China,Eastern Asia,Asia,27.575,103.98299999999999,89.8052929320648,744902.0
461,2012,Natural,Geophysical,Earthquake,Ground movement,China,Eastern Asia,Asia,32.978,119.59299999999999,89.8052929320648,2611.0
462,2012,Natural,Geophysical,Earthquake,Ground movement,China,Eastern Asia,Asia,38.745,88.098,89.8052929320648,5500.0
463,2012,Natural,Geophysical,Earthquake,Ground movement,China,Eastern Asia,Asia,39.383,81.307,89.8052929320648,36641.0
465,2012,Natural,Geophysical,Earthquake,Ground movement,Indonesia,South-Eastern Asia,Asia,2.327,93.06299999999999,89.8052929320648,114.0
466,2012,Natural,Geophysical,Earthquake,Ground movement,Indonesia,South-Eastern Asia,Asia,-1.315,120.096,89.8052929320648,7889.0
467,2013,Natural,Geophysical,Earthquake,Ground movement,China,Eastern Asia,Asia,34.512,104.262,91.1207940325185,123982.0
468,2013,Natural,Geophysical,Earthquake,Ground movement,China,Eastern Asia,Asia,28.2425,99.3502,91.1207940325185,538053.0
469,2013,Natural,Geophysical,Earthquake,Ground movement,Indonesia,South-Eastern Asia,Asia,4.645,96.665,91.1207940325185,55983.0
470,2013,Natural,Geophysical,Earthquake,Ground movement,Afghanistan,Southern Asia,Asia,34.525999999999996,70.22,91.1207940325185,3549.0
473,2013,Natural,Geophysical,Earthquake,Ground movement,China,Eastern Asia,Asia,25.98,99.81200000000001,91.1207940325185,427740.0
474,2013,Natural,Geophysical,Earthquake,Ground movement,China,Eastern Asia,Asia,30.308000000000003,102.88799999999999,91.1207940325185,2198983.0
475,2013,Natural,Geophysical,Earthquake,Ground movement,China,Eastern Asia,Asia,44.5993,124.1681,91.1207940325185,58300.0
476,2013,Natural,Geophysical,Earthquake,Ground movement,China,Eastern Asia,Asia,31.066,110.412,91.1207940325185,90500.0
477,2013,Natural,Geophysical,Earthquake,Ground movement,China,Eastern Asia,Asia,25.953000000000003,99.78200000000001,91.1207940325185,80555.0
478,2013,Natural,Geophysical,Earthquake,Ground movement,China,Eastern Asia,Asia,40.253,78.944,91.1207940325185,2000.0
479,2013,Natural,Geophysical,Earthquake,Ground movement,Indonesia,South-Eastern Asia,Asia,4.927,95.90700000000001,91.1207940325185,516.0
480,2013,Natural,Geophysical,Earthquake,Ground movement,Indonesia,South-Eastern Asia,Asia,5.1033,95.9709,91.1207940325185,2739.0
482,2013,Natural,Geophysical,Earthquake,Ground movement,India,Southern Asia,Asia,33.061,75.863,91.1207940325185,59353.0
485,2012,Natural,Geophysical,Earthquake,Ground movement,Myanmar,South-Eastern Asia,Asia,23.005,95.885,89.8052929320648,1524.0
489,2013,Natural,Geophysical,Earthquake,Ground movement,Pakistan,Southern Asia,Asia,28.033,61.996,91.1207940325185,15216.0
490,2013,Natural,Geophysical,Earthquake,Ground movement,Pakistan,Southern Asia,Asia,26.951,65.5009,91.1207940325185,186148.0
491,2013,Natural,Geophysical,Earthquake,Ground movement,Pakistan,Southern Asia,Asia,27.1825,65.5052,91.1207940325185,72.0
492,2014,Natural,Geophysical,Earthquake,Ground movement,China,Eastern Asia,Asia,27.1891,103.4086,92.5989805737934,1121244.0
493,2014,Natural,Geophysical,Earthquake,Ground movement,China,Eastern Asia,Asia,35.9053,82.5864,92.5989805737934,450000.0
494,2014,Natural,Geophysical,Earthquake,Ground movement,China,Eastern Asia,Asia,28.174,103.619,92.5989805737934,75021.0
495,2014,Natural,Geophysical,Earthquake,Ground movement,China,Eastern Asia,Asia,24.974,97.844,92.5989805737934,225015.0
496,2014,Natural,Geophysical,Earthquake,Ground movement,China,Eastern Asia,Asia,24.9997,97.845,92.5989805737934,184723.0
497,2014,Natural,Geophysical,Earthquake,Ground movement,China,Eastern Asia,Asia,23.3834,100.4702,92.5989805737934,255325.0
498,2014,Natural,Geophysical,Earthquake,Ground movement,China,Eastern Asia,Asia,30.3398,101.7374,92.5989805737934,82360.0
499,2014,Natural,Geophysical,Earthquake,Ground movement,China,Eastern Asia,Asia,23.3577,100.53299999999999,92.5989805737934,2023.0
500,2015,Natural,Geophysical,Earthquake,Ground movement,Afghanistan,Southern Asia,Asia,36.5244,70.3676,92.7088219860826,92840.0
501,2015,Natural,Geophysical,Earthquake,Ground movement,Afghanistan,Southern Asia,Asia,36.4935,71.1263,92.7088219860826,407.0
502,2015,Natural,Geophysical,Earthquake,Ground movement,Bangladesh,Southern Asia,Asia,28.2305,84.7314,92.7088219860826,204.0
503,2015,Natural,Geophysical,Earthquake,Ground movement,China,Eastern Asia,Asia,44.133,85.568,92.7088219860826,8640.0
504,2015,Natural,Geophysical,Earthquake,Ground movement,China,Eastern Asia,Asia,23.566,98.854,92.7088219860826,2032.0
505,2015,Natural,Geophysical,Earthquake,Ground movement,China,Eastern Asia,Asia,28.2305,84.7314,92.7088219860826,207912.0
506,2015,Natural,Geophysical,Earthquake,Ground movement,China,Eastern Asia,Asia,27.8087,86.0655,92.7088219860826,1.0
507,2015,Natural,Geophysical,Earthquake,Ground movement,China,Eastern Asia,Asia,37.4593,78.1542,92.7088219860826,9266.0
511,2016,Natural,Geophysical,Earthquake,Ground movement,Bangladesh,Southern Asia,Asia,24.804000000000002,93.65,93.878436484259,75.0
520,2014,Natural,Geophysical,Earthquake,Ground movement,Thailand,South-Eastern Asia,Asia,19.6557,99.6696,92.5989805737934,17524.0
521,2015,Natural,Geophysical,Earthquake,Ground movement,Malaysia,South-Eastern Asia,Asia,5.987,116.541,92.7088219860826,34.0
522,2015,Natural,Geophysical,Earthquake,Ground movement,Nepal,Southern Asia,Asia,28.2305,84.7314,92.7088219860826,5648553.0
523,2015,Natural,Geophysical,Earthquake,Ground movement,Nepal,Southern Asia,Asia,27.8087,86.0655,92.7088219860826,2566.0
524,2015,Natural,Geophysical,Earthquake,Ground movement,Indonesia,South-Eastern Asia,Asia,-0.621,131.262,92.7088219860826,12247.0
525,2015,Natural,Geophysical,Earthquake,Ground movement,India,Southern Asia,Asia,28.2305,84.7314,92.7088219860826,638.0
526,2015,Natural,Geophysical,Earthquake,Ground movement,India,Southern Asia,Asia,27.8087,86.0655,92.7088219860826,20.0
527,2015,Natural,Geophysical,Earthquake,Ground movement,India,Southern Asia,Asia,36.5244,70.3676,92.7088219860826,10.0
529,2015,Natural,Geophysical,Earthquake,Ground movement,Pakistan,Southern Asia,Asia,36.5244,70.3676,92.7088219860826,502870.0
530,2015,Natural,Geophysical,Earthquake,Ground movement,Pakistan,Southern Asia,Asia,36.4935,71.1263,92.7088219860826,88.0
532,2016,Natural,Geophysical,Earthquake,Ground movement,Indonesia,South-Eastern Asia,Asia,-3.863,127.229,93.878436484259,368.0
533,2016,Natural,Geophysical,Earthquake,Ground movement,India,Southern Asia,Asia,24.804000000000002,93.65,93.878436484259,10816.0
536,2016,Natural,Geophysical,Earthquake,Ground movement,Pakistan,Southern Asia,Asia,36.473,71.13,93.878436484259,148.0
537,1902,Natural,Geophysical,Earthquake,Ground movement,China,Eastern Asia,Asia,39.88,76.2,3.3918445425216,2500.0
538,1905,Natural,Geophysical,Earthquake,Ground movement,China,Eastern Asia,Asia,29.3,104.8,3.5223001018494,0.0
539,1906,Natural,Geophysical,Earthquake,Ground movement,China,Eastern Asia,Asia,43.5,85.5,3.5223001018494,10280.0
540,1909,Natural,Geophysical,Earthquake,Ground movement,China,Eastern Asia,Asia,24.4,103.0,3.5223001018494,21.0
542,2016,Natural,Geophysical,Earthquake,Ground movement,China,Eastern Asia,Asia,39.238,74.047,93.878436484259,37201.0
543,2016,Natural,Geophysical,Earthquake,Ground movement,China,Eastern Asia,Asia,43.823,86.345,93.878436484259,9120.0
544,2016,Natural,Geophysical,Earthquake,Ground movement,China,Eastern Asia,Asia,26.076999999999998,99.539,93.878436484259,5002.0
547,2017,Natural,Geophysical,Earthquake,Ground movement,China,Eastern Asia,Asia,33.193000000000005,103.855,95.8781657744988,218354.0
550,2017,Natural,Geophysical,Earthquake,Ground movement,China,Eastern Asia,Asia,29.833000000000002,94.978,95.8781657744988,23403.0
551,2018,Natural,Geophysical,Earthquake,Ground movement,China,Eastern Asia,Asia,45.278999999999996,124.557,98.2199906178672,12000.0
552,2018,Natural,Geophysical,Earthquake,Ground movement,China,Eastern Asia,Asia,24.331999999999997,102.941,98.2199906178672,18024.0
554,2019,Natural,Geophysical,Earthquake,Ground movement,China,Eastern Asia,Asia,29.498,104.632,100.0,32774.0
555,2019,Natural,Geophysical,Earthquake,Ground movement,China,Eastern Asia,Asia,28.405,104.95700000000001,100.0,244233.0
557,1909,Natural,Geophysical,Earthquake,Ground movement,Pakistan,Southern Asia,Asia,30.0,68.0,3.5223001018494,231.0
558,2016,Natural,Geophysical,Earthquake,Ground movement,Indonesia,South-Eastern Asia,Asia,-8.218,117.816,93.878436484259,3410.0
559,2016,Natural,Geophysical,Earthquake,Ground movement,Indonesia,South-Eastern Asia,Asia,5.281000000000001,96.10799999999999,93.878436484259,86122.0
560,2016,Natural,Geophysical,Earthquake,Ground movement,Myanmar,South-Eastern Asia,Asia,20.923000000000002,94.569,93.878436484259,1156.0
567,2018,Natural,Geophysical,Earthquake,Ground movement,Indonesia,South-Eastern Asia,Asia,-8.287,116.45200000000001,98.2199906178672,517491.0
568,2018,Natural,Geophysical,Earthquake,Ground movement,Indonesia,South-Eastern Asia,Asia,-7.196000000000001,105.91799999999999,98.2199906178672,13812.0
569,2018,Natural,Geophysical,Earthquake,Ground movement,Indonesia,South-Eastern Asia,Asia,-8.274,116.491,98.2199906178672,102866.0
570,2018,Natural,Geophysical,Earthquake,Ground movement,Indonesia,South-Eastern Asia,Asia,-8.325,116.57700000000001,98.2199906178672,789.0
574,2019,Natural,Geophysical,Earthquake,Ground movement,Indonesia,South-Eastern Asia,Asia,-0.586,128.034,100.0,11812.0
575,2019,Natural,Geophysical,Earthquake,Ground movement,Indonesia,South-Eastern Asia,Asia,-1.301,101.601,100.0,1763.0
576,2019,Natural,Geophysical,Earthquake,Ground movement,Indonesia,South-Eastern Asia,Asia,-8.418,116.52,100.0,1304.0
577,2019,Natural,Geophysical,Earthquake,Ground movement,Indonesia,South-Eastern Asia,Asia,-7.282,104.791,100.0,2110.0
579,1913,Natural,Geophysical,Earthquake,Ground movement,China,Eastern Asia,Asia,24.15,102.45,3.8745301120344,1054.0
580,1915,Natural,Geophysical,Earthquake,Ground movement,China,Eastern Asia,Asia,29.5,91.5,3.9658490035638,170.0
581,1924,Natural,Geophysical,Earthquake,Ground movement,China,Eastern Asia,Asia,36.983000000000004,164.0,6.7184613053794,100.0
582,1925,Natural,Geophysical,Earthquake,Ground movement,China,Eastern Asia,Asia,27.0,100.0,6.8750079765728,1512.0
583,1930,Natural,Geophysical,Earthquake,Ground movement,China,Eastern Asia,Asia,26.8,103.0,6.5488690782533,42.0
584,1930,Natural,Geophysical,Earthquake,Ground movement,China,Eastern Asia,Asia,30.0,100.0,6.5488690782533,200.0
585,1931,Natural,Geophysical,Earthquake,Ground movement,China,Eastern Asia,Asia,46.817,89.915,5.9618190612784,10000.0
586,1935,Natural,Geophysical,Earthquake,Ground movement,China,Eastern Asia,Asia,28.7,103.6,5.3747690443035,100.0
587,1936,Natural,Geophysical,Earthquake,Ground movement,China,Eastern Asia,Asia,35.4,103.4,5.4399968239674,48250.0
588,1936,Natural,Geophysical,Earthquake,Ground movement,China,Eastern Asia,Asia,34.2,105.7,5.4399968239674,22441.0
589,1936,Natural,Geophysical,Earthquake,Ground movement,China,Eastern Asia,Asia,26.6,103.0,5.4399968239674,30.0
590,1937,Natural,Geophysical,Earthquake,Ground movement,China,Eastern Asia,Asia,35.259,115.184,5.6356801629591,390.0
591,1940,Natural,Geophysical,Earthquake,Ground movement,China,Eastern Asia,Asia,23.9,102.3,5.4921790476985,58436.0
592,1940,Natural,Geophysical,Earthquake,Ground movement,China,Eastern Asia,Asia,40.2,122.0,5.4921790476985,5950.0
593,1941,Natural,Geophysical,Earthquake,Ground movement,China,Eastern Asia,Asia,47.0,127.2,5.7661357222868,31940.0
594,1941,Natural,Geophysical,Earthquake,Ground movement,China,Eastern Asia,Asia,31.7,102.3,5.7661357222868,375.0
595,1942,Natural,Geophysical,Earthquake,Ground movement,China,Eastern Asia,Asia,23.1,100.3,6.4053679629928,90.0
596,1945,Natural,Geophysical,Earthquake,Ground movement,China,Eastern Asia,Asia,39.5,119.0,7.0576457596316,47.0
597,1948,Natural,Geophysical,Earthquake,Ground movement,China,Eastern Asia,Asia,29.5,100.5,9.418891383464,4000.0
598,1948,Natural,Geophysical,Earthquake,Ground movement,China,Eastern Asia,Asia,26.4,99.7,9.418891383464,4110.0
599,1949,Natural,Geophysical,Earthquake,Ground movement,China,Eastern Asia,Asia,42.0,84.0,9.3275724919345,5088.0
600,1951,Natural,Geophysical,Earthquake,Ground movement,China,Eastern Asia,Asia,26.7,100.0,10.1755336275649,149450.0
601,1952,Natural,Geophysical,Earthquake,Ground movement,China,Eastern Asia,Asia,30.648000000000003,91.601,10.4103536343549,3924.0
602,1952,Natural,Geophysical,Earthquake,Ground movement,China,Eastern Asia,Asia,22.9,99.7,10.4103536343549,300.0
603,1967,Natural,Geophysical,Earthquake,Ground movement,China,Eastern Asia,Asia,30.2,104.1,13.048062107494,2085.0
604,1972,Natural,Geophysical,Earthquake,Ground movement,Afghanistan,Southern Asia,Asia,36.278,69.681,16.3565247541826,26.0
605,1973,Natural,Geophysical,Earthquake,Ground movement,China,Eastern Asia,Asia,31.398000000000003,100.581,17.3669860176555,840.0
606,1979,Natural,Geophysical,Earthquake,Ground movement,China,Eastern Asia,Asia,41.145,108.12899999999999,28.3875988971359,2104.0
607,2019,Natural,Geophysical,Earthquake,Ground movement,China,Eastern Asia,Asia,29.573,105.064,100.0,15583.0
608,2019,Natural,Geophysical,Earthquake,Ground movement,China,Eastern Asia,Asia,29.573,105.064,100.0,15583.0
614,1913,Natural,Geophysical,Earthquake,Ground movement,Indonesia,South-Eastern Asia,Asia,5.354,126.12100000000001,3.8745301120344,138.0
615,1924,Natural,Geophysical,Earthquake,Ground movement,Indonesia,South-Eastern Asia,Asia,-7.3,109.8,6.7184613053794,60.0
616,1930,Natural,Geophysical,Earthquake,Ground movement,Myanmar,South-Eastern Asia,Asia,17.4,95.5,6.5488690782533,50.0
617,1932,Natural,Geophysical,Earthquake,Ground movement,Indonesia,South-Eastern Asia,Asia,-3.57,128.35,5.348677932438,365.0
618,1936,Natural,Geophysical,Earthquake,Ground movement,Indonesia,South-Eastern Asia,Asia,4.5,126.5,5.4399968239674,845.0
619,1950,Natural,Geophysical,Earthquake,Ground movement,Indonesia,South-Eastern Asia,Asia,-6.0,113.0,9.4319369393968,66.0
620,1955,Natural,Geophysical,Earthquake,Ground movement,Pakistan,Southern Asia,Asia,30.5,67.0,10.473000409773,12.0
621,1966,Natural,Geophysical,Earthquake,Ground movement,India,Southern Asia,Asia,28.7,78.9,12.6960281686485,15.0
622,1967,Natural,Geophysical,Earthquake,Ground movement,Indonesia,South-Eastern Asia,Asia,5.121,96.286,13.048062107494,10014.0
623,1971,Natural,Geophysical,Earthquake,Ground movement,Indonesia,South-Eastern Asia,Asia,-7.2,109.1,15.8382546266338,6892.0
624,2019,Natural,Geophysical,Earthquake,Ground movement,Indonesia,South-Eastern Asia,Asia,-3.45,128.347,100.0,247449.0
625,2019,Natural,Geophysical,Earthquake,Ground movement,Pakistan,Southern Asia,Asia,33.106,73.766,100.0,130437.0
